{
    "rows": [{
        "quarter": 1,
        "year": 2014,
        "shipper_description": "Lorem Ipsum is simply dummy text of the printing and typesetting industry.",
        "shipper_type": "Artisinal",
        "destination_country": "Algeria",
        "lat": 28.033886,
        "lon": 1.659626,
        "shipper": "SIFORCO",
        "species": "SAPELLI",
        "weight_tonnes": 18.446,
        "weight_rwe": 36.33862
    }, {
        "quarter": 1,
        "year": 2014,
        "shipper_description": "Lorem Ipsum is simply dummy text of the printing and typesetting industry.",
        "shipper_type": "Artisinal",
        "destination_country": "Belgium",
        "lat": 50.503887,
        "lon": 4.469936,
        "shipper": "ASPEN CONGO P/C",
        "species": "AFROMOSIA",
        "weight_tonnes": 21.545,
        "weight_rwe": 21.545
    }, {
        "quarter": 1,
        "year": 2014,
        "shipper_description": "Lorem Ipsum is simply dummy text of the printing and typesetting industry.",
        "shipper_type": "Artisinal",
        "destination_country": "Belgium",
        "lat": 50.503887,
        "lon": 4.469936,
        "shipper": "SODEFOR",
        "species": "WENGE",
        "weight_tonnes": 49.945,
        "weight_rwe": 49.945
    }, {
        "quarter": 1,
        "year": 2014,
        "shipper_description": "Lorem Ipsum is simply dummy text of the printing and typesetting industry.",
        "shipper_type": "Artisinal",
        "destination_country": "China",
        "lat": 35.86166,
        "lon": 104.195397,
        "shipper": "FOREST PRO",
        "species": "WENGE",
        "weight_tonnes": 169.413,
        "weight_rwe": 169.413
    }, {
        "quarter": 1,
        "year": 2014,
        "shipper_description": "Lorem Ipsum is simply dummy text of the printing and typesetting industry.",
        "shipper_type": "Artisinal",
        "destination_country": "China",
        "lat": 35.86166,
        "lon": 104.195397,
        "shipper": "SIFORCO",
        "species": "AFROMOSIA",
        "weight_tonnes": 855.812,
        "weight_rwe": 855.812
    }, {
        "quarter": 1,
        "year": 2014,
        "shipper_description": "Lorem Ipsum is simply dummy text of the printing and typesetting industry.",
        "shipper_type": "Artisinal",
        "destination_country": "China",
        "lat": 35.86166,
        "lon": 104.195397,
        "shipper": "SIFORCO",
        "species": "PONU",
        "weight_tonnes": 22.413,
        "weight_rwe": 22.413
    }, {
        "quarter": 1,
        "year": 2014,
        "shipper_description": "Lorem Ipsum is simply dummy text of the printing and typesetting industry.",
        "shipper_type": "Artisinal",
        "destination_country": "China",
        "lat": 35.86166,
        "lon": 104.195397,
        "shipper": "SIFORCO",
        "species": "WENGE",
        "weight_tonnes": 3443.344,
        "weight_rwe": 3443.344
    }, {
        "quarter": 1,
        "year": 2014,
        "shipper_description": "Lorem Ipsum is simply dummy text of the printing and typesetting industry.",
        "shipper_type": "Artisinal",
        "destination_country": "China",
        "lat": 35.86166,
        "lon": 104.195397,
        "shipper": "SODEFOR",
        "species": "BUBINGA",
        "weight_tonnes": 29.405,
        "weight_rwe": 29.405
    }, {
        "quarter": 1,
        "year": 2014,
        "shipper_description": "Lorem Ipsum is simply dummy text of the printing and typesetting industry.",
        "shipper_type": "Artisinal",
        "destination_country": "China",
        "lat": 35.86166,
        "lon": 104.195397,
        "shipper": "SODEFOR",
        "species": "WENGE",
        "weight_tonnes": 681.28,
        "weight_rwe": 681.28
    }, {
        "quarter": 1,
        "year": 2014,
        "shipper_description": "Lorem Ipsum is simply dummy text of the printing and typesetting industry.",
        "shipper_type": "Artisinal",
        "destination_country": "China",
        "lat": 35.86166,
        "lon": 104.195397,
        "shipper": "TROPICAL TIMBER TRADING",
        "species": "WENGE",
        "weight_tonnes": 115.221,
        "weight_rwe": 115.221
    }, {
        "quarter": 1,
        "year": 2014,
        "shipper_description": "Lorem Ipsum is simply dummy text of the printing and typesetting industry.",
        "shipper_type": "Artisinal",
        "destination_country": "China",
        "lat": 35.86166,
        "lon": 104.195397,
        "shipper": "WEDINA WANSALAMBINA JEAN PAUL ETS DIEU D'AMOUR",
        "species": "WENGE",
        "weight_tonnes": 55.04,
        "weight_rwe": 55.04
    }, {
        "quarter": 1,
        "year": 2014,
        "shipper_description": "Lorem Ipsum is simply dummy text of the printing and typesetting industry.",
        "shipper_type": "Artisinal",
        "destination_country": "Denmark",
        "lat": 56.26392,
        "lon": 9.501785,
        "shipper": "SODEFOR",
        "species": "WENGE",
        "weight_tonnes": 62.26,
        "weight_rwe": 122.6522
    }, {
        "quarter": 1,
        "year": 2014,
        "shipper_description": "Lorem Ipsum is simply dummy text of the printing and typesetting industry.",
        "shipper_type": "Artisinal",
        "destination_country": "France",
        "lat": 46.227638,
        "lon": 2.213749,
        "shipper": "PACIFIC TRADING",
        "species": "KHAYA",
        "weight_tonnes": 69.441,
        "weight_rwe": 69.441
    }, {
        "quarter": 1,
        "year": 2014,
        "shipper_description": "Lorem Ipsum is simply dummy text of the printing and typesetting industry.",
        "shipper_type": "Artisinal",
        "destination_country": "France",
        "lat": 46.227638,
        "lon": 2.213749,
        "shipper": "PACIFIC TRADING",
        "species": "KOSIPO",
        "weight_tonnes": 123.318,
        "weight_rwe": 123.318
    }, {
        "quarter": 1,
        "year": 2014,
        "shipper_description": "Lorem Ipsum is simply dummy text of the printing and typesetting industry.",
        "shipper_type": "Artisinal",
        "destination_country": "France",
        "lat": 46.227638,
        "lon": 2.213749,
        "shipper": "PACIFIC TRADING",
        "species": "SAPELLI",
        "weight_tonnes": 17.837,
        "weight_rwe": 17.837
    }, {
        "quarter": 1,
        "year": 2014,
        "shipper_description": "Lorem Ipsum is simply dummy text of the printing and typesetting industry.",
        "shipper_type": "Artisinal",
        "destination_country": "France",
        "lat": 46.227638,
        "lon": 2.213749,
        "shipper": "PACIFIC TRADING",
        "species": "SIPO",
        "weight_tonnes": 158.194,
        "weight_rwe": 158.194
    }, {
        "quarter": 1,
        "year": 2014,
        "shipper_description": "Lorem Ipsum is simply dummy text of the printing and typesetting industry.",
        "shipper_type": "Artisinal",
        "destination_country": "France",
        "lat": 46.227638,
        "lon": 2.213749,
        "shipper": "PACIFIC TRADING",
        "species": "TIAMA",
        "weight_tonnes": 80.898,
        "weight_rwe": 80.898
    }, {
        "quarter": 1,
        "year": 2014,
        "shipper_description": "Lorem Ipsum is simply dummy text of the printing and typesetting industry.",
        "shipper_type": "Artisinal",
        "destination_country": "France",
        "lat": 46.227638,
        "lon": 2.213749,
        "shipper": "SIFORCO",
        "species": "BOSSE",
        "weight_tonnes": 127.141,
        "weight_rwe": 127.141
    }, {
        "quarter": 1,
        "year": 2014,
        "shipper_description": "Lorem Ipsum is simply dummy text of the printing and typesetting industry.",
        "shipper_type": "Artisinal",
        "destination_country": "France",
        "lat": 46.227638,
        "lon": 2.213749,
        "shipper": "SIFORCO",
        "species": "IROKO",
        "weight_tonnes": 287.287,
        "weight_rwe": 287.287
    }, {
        "quarter": 1,
        "year": 2014,
        "shipper_description": "Lorem Ipsum is simply dummy text of the printing and typesetting industry.",
        "shipper_type": "Artisinal",
        "destination_country": "France",
        "lat": 46.227638,
        "lon": 2.213749,
        "shipper": "SIFORCO",
        "species": "KHAYA",
        "weight_tonnes": 26.65,
        "weight_rwe": 26.65
    }, {
        "quarter": 1,
        "year": 2014,
        "shipper_description": "Lorem Ipsum is simply dummy text of the printing and typesetting industry.",
        "shipper_type": "Artisinal",
        "destination_country": "France",
        "lat": 46.227638,
        "lon": 2.213749,
        "shipper": "SIFORCO",
        "species": "SAPELLI",
        "weight_tonnes": 410.183,
        "weight_rwe": 410.183
    }, {
        "quarter": 1,
        "year": 2014,
        "shipper_description": "Lorem Ipsum is simply dummy text of the printing and typesetting industry.",
        "shipper_type": "Artisinal",
        "destination_country": "France",
        "lat": 46.227638,
        "lon": 2.213749,
        "shipper": "SIFORCO",
        "species": "SIPO",
        "weight_tonnes": 346.284,
        "weight_rwe": 346.284
    }, {
        "quarter": 1,
        "year": 2014,
        "shipper_description": "Lorem Ipsum is simply dummy text of the printing and typesetting industry.",
        "shipper_type": "Artisinal",
        "destination_country": "France",
        "lat": 46.227638,
        "lon": 2.213749,
        "shipper": "SIFORCO",
        "species": "TOLA",
        "weight_tonnes": 145.711,
        "weight_rwe": 145.711
    }, {
        "quarter": 1,
        "year": 2014,
        "shipper_description": "Lorem Ipsum is simply dummy text of the printing and typesetting industry.",
        "shipper_type": "Artisinal",
        "destination_country": "France",
        "lat": 46.227638,
        "lon": 2.213749,
        "shipper": "SIFORCO",
        "species": "WENGE",
        "weight_tonnes": 28.037,
        "weight_rwe": 28.037
    }, {
        "quarter": 1,
        "year": 2014,
        "shipper_description": "Lorem Ipsum is simply dummy text of the printing and typesetting industry.",
        "shipper_type": "Artisinal",
        "destination_country": "France",
        "lat": 46.227638,
        "lon": 2.213749,
        "shipper": "SOCIBOIS",
        "species": "BOSSE",
        "weight_tonnes": 276.334,
        "weight_rwe": 276.334
    }, {
        "quarter": 1,
        "year": 2014,
        "shipper_description": "Lorem Ipsum is simply dummy text of the printing and typesetting industry.",
        "shipper_type": "Artisinal",
        "destination_country": "France",
        "lat": 46.227638,
        "lon": 2.213749,
        "shipper": "SOCIBOIS",
        "species": "DIBETOU",
        "weight_tonnes": 22.76,
        "weight_rwe": 22.76
    }, {
        "quarter": 1,
        "year": 2014,
        "shipper_description": "Lorem Ipsum is simply dummy text of the printing and typesetting industry.",
        "shipper_type": "Artisinal",
        "destination_country": "France",
        "lat": 46.227638,
        "lon": 2.213749,
        "shipper": "SOCIBOIS",
        "species": "IROKO",
        "weight_tonnes": 17.109,
        "weight_rwe": 17.109
    }, {
        "quarter": 1,
        "year": 2014,
        "shipper_description": "Lorem Ipsum is simply dummy text of the printing and typesetting industry.",
        "shipper_type": "Artisinal",
        "destination_country": "France",
        "lat": 46.227638,
        "lon": 2.213749,
        "shipper": "SOCIBOIS",
        "species": "KOSSIPO",
        "weight_tonnes": 59.402,
        "weight_rwe": 59.402
    }, {
        "quarter": 1,
        "year": 2014,
        "shipper_description": "Lorem Ipsum is simply dummy text of the printing and typesetting industry.",
        "shipper_type": "Artisinal",
        "destination_country": "France",
        "lat": 46.227638,
        "lon": 2.213749,
        "shipper": "SOCIBOIS",
        "species": "PADOUK",
        "weight_tonnes": 36.595,
        "weight_rwe": 36.595
    }, {
        "quarter": 1,
        "year": 2014,
        "shipper_description": "Lorem Ipsum is simply dummy text of the printing and typesetting industry.",
        "shipper_type": "Artisinal",
        "destination_country": "France",
        "lat": 46.227638,
        "lon": 2.213749,
        "shipper": "SOCIBOIS",
        "species": "SAPELLI",
        "weight_tonnes": 348.776,
        "weight_rwe": 348.776
    }, {
        "quarter": 1,
        "year": 2014,
        "shipper_description": "Lorem Ipsum is simply dummy text of the printing and typesetting industry.",
        "shipper_type": "Artisinal",
        "destination_country": "France",
        "lat": 46.227638,
        "lon": 2.213749,
        "shipper": "SOCIBOIS",
        "species": "SIPO",
        "weight_tonnes": 107.655,
        "weight_rwe": 107.655
    }, {
        "quarter": 1,
        "year": 2014,
        "shipper_description": "Lorem Ipsum is simply dummy text of the printing and typesetting industry.",
        "shipper_type": "Artisinal",
        "destination_country": "France",
        "lat": 46.227638,
        "lon": 2.213749,
        "shipper": "SOCIBOIS",
        "species": "TIAMA",
        "weight_tonnes": 65.905,
        "weight_rwe": 65.905
    }, {
        "quarter": 1,
        "year": 2014,
        "shipper_description": "Lorem Ipsum is simply dummy text of the printing and typesetting industry.",
        "shipper_type": "Artisinal",
        "destination_country": "France",
        "lat": 46.227638,
        "lon": 2.213749,
        "shipper": "SOCIBOIS",
        "species": "TOLA",
        "weight_tonnes": 58.87,
        "weight_rwe": 58.87
    }, {
        "quarter": 1,
        "year": 2014,
        "shipper_description": "Lorem Ipsum is simply dummy text of the printing and typesetting industry.",
        "shipper_type": "Artisinal",
        "destination_country": "France",
        "lat": 46.227638,
        "lon": 2.213749,
        "shipper": "SODEFOR",
        "species": "BOSSE",
        "weight_tonnes": 336.274,
        "weight_rwe": 336.274
    }, {
        "quarter": 1,
        "year": 2014,
        "shipper_description": "Lorem Ipsum is simply dummy text of the printing and typesetting industry.",
        "shipper_type": "Artisinal",
        "destination_country": "France",
        "lat": 46.227638,
        "lon": 2.213749,
        "shipper": "SOFIBANQUE",
        "species": "BOSSE",
        "weight_tonnes": 109.765,
        "weight_rwe": 109.765
    }, {
        "quarter": 1,
        "year": 2014,
        "shipper_description": "Lorem Ipsum is simply dummy text of the printing and typesetting industry.",
        "shipper_type": "Artisinal",
        "destination_country": "Italy",
        "lat": 41.87194,
        "lon": 12.56738,
        "shipper": "SIFORCO",
        "species": "WENGE",
        "weight_tonnes": 147.099,
        "weight_rwe": 147.099
    }, {
        "quarter": 1,
        "year": 2014,
        "shipper_description": "Lorem Ipsum is simply dummy text of the printing and typesetting industry.",
        "shipper_type": "Artisinal",
        "destination_country": "Italy",
        "lat": 41.87194,
        "lon": 12.56738,
        "shipper": "SODEFOR",
        "species": "ETIMOE",
        "weight_tonnes": 18.199,
        "weight_rwe": 18.199
    }, {
        "quarter": 1,
        "year": 2014,
        "shipper_description": "Lorem Ipsum is simply dummy text of the printing and typesetting industry.",
        "shipper_type": "Artisinal",
        "destination_country": "Japan",
        "lat": 36.204824,
        "lon": 138.252924,
        "shipper": "SODEFOR",
        "species": "MOABI",
        "weight_tonnes": 50.329,
        "weight_rwe": 50.329
    }, {
        "quarter": 1,
        "year": 2014,
        "shipper_description": "Lorem Ipsum is simply dummy text of the printing and typesetting industry.",
        "shipper_type": "Artisinal",
        "destination_country": "Kuwait",
        "lat": 29.31166,
        "lon": 47.481766,
        "shipper": "SIFORCO",
        "species": "AFROMOSIA",
        "weight_tonnes": 52.64,
        "weight_rwe": 103.7008
    }, {
        "quarter": 1,
        "year": 2014,
        "shipper_description": "Lorem Ipsum is simply dummy text of the printing and typesetting industry.",
        "shipper_type": "Artisinal",
        "destination_country": "Morocco",
        "lat": 31.791702,
        "lon": -7.09262,
        "shipper": "SIFORCO",
        "species": "SAPELLI",
        "weight_tonnes": 72.138,
        "weight_rwe": 142.11186
    }, {
        "quarter": 1,
        "year": 2014,
        "shipper_description": "Lorem Ipsum is simply dummy text of the printing and typesetting industry.",
        "shipper_type": "Artisinal",
        "destination_country": "Netherlands",
        "lat": 52.132633,
        "lon": 5.291266,
        "shipper": "SODEFOR",
        "species": "WENGE",
        "weight_tonnes": 18.68,
        "weight_rwe": 36.7996
    }, {
        "quarter": 1,
        "year": 2014,
        "shipper_description": "Lorem Ipsum is simply dummy text of the printing and typesetting industry.",
        "shipper_type": "Artisinal",
        "destination_country": "Portugal",
        "lat": 39.399872,
        "lon": -8.224454,
        "shipper": "SIFORCO",
        "species": "TOLA",
        "weight_tonnes": 258.067,
        "weight_rwe": 258.067
    }, {
        "quarter": 1,
        "year": 2014,
        "shipper_description": "Lorem Ipsum is simply dummy text of the printing and typesetting industry.",
        "shipper_type": "Artisinal",
        "destination_country": "Portugal",
        "lat": 39.399872,
        "lon": -8.224454,
        "shipper": "SIFORCO",
        "species": "WENGE",
        "weight_tonnes": 25.62,
        "weight_rwe": 25.62
    }, {
        "quarter": 1,
        "year": 2014,
        "shipper_description": "Lorem Ipsum is simply dummy text of the printing and typesetting industry.",
        "shipper_type": "Artisinal",
        "destination_country": "Portugal",
        "lat": 39.399872,
        "lon": -8.224454,
        "shipper": "SODEFOR",
        "species": " WENGE",
        "weight_tonnes": 52.72,
        "weight_rwe": 52.72
    }, {
        "quarter": 1,
        "year": 2014,
        "shipper_description": "Lorem Ipsum is simply dummy text of the printing and typesetting industry.",
        "shipper_type": "Artisinal",
        "destination_country": "Portugal",
        "lat": 39.399872,
        "lon": -8.224454,
        "shipper": "SODEFOR",
        "species": "DIVERSES",
        "weight_tonnes": 452.424,
        "weight_rwe": 452.424
    }, {
        "quarter": 1,
        "year": 2014,
        "shipper_description": "Lorem Ipsum is simply dummy text of the printing and typesetting industry.",
        "shipper_type": "Artisinal",
        "destination_country": "Qatar",
        "lat": 25.354826,
        "lon": 51.183884,
        "shipper": "SIFORCO",
        "species": "AFROMOSIA",
        "weight_tonnes": 26.155,
        "weight_rwe": 51.52535
    }, {
        "quarter": 1,
        "year": 2014,
        "shipper_description": "Lorem Ipsum is simply dummy text of the printing and typesetting industry.",
        "shipper_type": "Artisinal",
        "destination_country": "South Africa",
        "lat": -30.559482,
        "lon": 22.937506,
        "shipper": "SIFORCO",
        "species": "AFROMOSIA",
        "weight_tonnes": 24.236,
        "weight_rwe": 47.74492
    }, {
        "quarter": 1,
        "year": 2014,
        "shipper_description": "Lorem Ipsum is simply dummy text of the printing and typesetting industry.",
        "shipper_type": "Artisinal",
        "destination_country": "South Africa",
        "lat": -30.559482,
        "lon": 22.937506,
        "shipper": "SIFORCO",
        "species": "IROKO",
        "weight_tonnes": 9.97,
        "weight_rwe": 19.6409
    }, {
        "quarter": 1,
        "year": 2014,
        "shipper_description": "Lorem Ipsum is simply dummy text of the printing and typesetting industry.",
        "shipper_type": "Artisinal",
        "destination_country": "Spain",
        "lat": 40.463667,
        "lon": -3.74922,
        "shipper": "SIFORCO",
        "species": "BOSSE",
        "weight_tonnes": 20.834,
        "weight_rwe": 20.834
    }, {
        "quarter": 1,
        "year": 2014,
        "shipper_description": "Lorem Ipsum is simply dummy text of the printing and typesetting industry.",
        "shipper_type": "Artisinal",
        "destination_country": "Spain",
        "lat": 40.463667,
        "lon": -3.74922,
        "shipper": "SIFORCO",
        "species": "SAPELLI",
        "weight_tonnes": 14.479,
        "weight_rwe": 14.479
    }, {
        "quarter": 1,
        "year": 2014,
        "shipper_description": "Lorem Ipsum is simply dummy text of the printing and typesetting industry.",
        "shipper_type": "Artisinal",
        "destination_country": "Spain",
        "lat": 40.463667,
        "lon": -3.74922,
        "shipper": "SIFORCO",
        "species": "WENGE",
        "weight_tonnes": 50.215,
        "weight_rwe": 50.215
    }, {
        "quarter": 1,
        "year": 2014,
        "shipper_description": "Lorem Ipsum is simply dummy text of the printing and typesetting industry.",
        "shipper_type": "Artisinal",
        "destination_country": "Spain",
        "lat": 40.463667,
        "lon": -3.74922,
        "shipper": "SODEFOR",
        "species": "ETIMOE",
        "weight_tonnes": 153.351,
        "weight_rwe": 153.351
    }, {
        "quarter": 1,
        "year": 2014,
        "shipper_description": "Lorem Ipsum is simply dummy text of the printing and typesetting industry.",
        "shipper_type": "Artisinal",
        "destination_country": "Taiwan",
        "lat": 23.69781,
        "lon": 120.960515,
        "shipper": "ETS DIEU EST AMOUR",
        "species": "WENGE",
        "weight_tonnes": 27.054,
        "weight_rwe": 27.054
    }, {
        "quarter": 1,
        "year": 2014,
        "shipper_description": "Lorem Ipsum is simply dummy text of the printing and typesetting industry.",
        "shipper_type": "Artisinal",
        "destination_country": "Taiwan",
        "lat": 23.69781,
        "lon": 120.960515,
        "shipper": "SODEFOR",
        "species": "DOUSSIE",
        "weight_tonnes": 61.303,
        "weight_rwe": 61.303
    }, {
        "quarter": 1,
        "year": 2014,
        "shipper_description": "Lorem Ipsum is simply dummy text of the printing and typesetting industry.",
        "shipper_type": "Artisinal",
        "destination_country": "Taiwan",
        "lat": 23.69781,
        "lon": 120.960515,
        "shipper": "SODEFOR",
        "species": "PADOUK",
        "weight_tonnes": 36.877,
        "weight_rwe": 36.877
    }, {
        "quarter": 1,
        "year": 2014,
        "shipper_description": "Lorem Ipsum is simply dummy text of the printing and typesetting industry.",
        "shipper_type": "Artisinal",
        "destination_country": "United States",
        "lat": 37.09024,
        "lon": -95.712891,
        "shipper": "SODEFOR",
        "species": "WENGE",
        "weight_tonnes": 21.78,
        "weight_rwe": 42.9066
    }, {
        "quarter": 1,
        "year": 2014,
        "shipper_description": "Lorem Ipsum is simply dummy text of the printing and typesetting industry. ",
        "shipper_type": "Concession",
        "destination_country": "Belgium",
        "lat": 50.503887,
        "lon": 4.469936,
        "shipper": "COTREFOR",
        "species": "AFROMOSIA",
        "weight_tonnes": 21.545,
        "weight_rwe": 21.545
    }, {
        "quarter": 1,
        "year": 2014,
        "shipper_description": "Lorem Ipsum is simply dummy text of the printing and typesetting industry. ",
        "shipper_type": "Concession",
        "destination_country": "China",
        "lat": 35.86166,
        "lon": 104.195397,
        "shipper": "COMPAGNIE DES BOIS & BUSINESS",
        "species": "AFROMOSIA",
        "weight_tonnes": 125.412,
        "weight_rwe": 125.412
    }, {
        "quarter": 1,
        "year": 2014,
        "shipper_description": "Lorem Ipsum is simply dummy text of the printing and typesetting industry. ",
        "shipper_type": "Concession",
        "destination_country": "China",
        "lat": 35.86166,
        "lon": 104.195397,
        "shipper": "COTREFOR",
        "species": "PADOUK",
        "weight_tonnes": 224.524,
        "weight_rwe": 224.524
    }, {
        "quarter": 1,
        "year": 2014,
        "shipper_description": "Lorem Ipsum is simply dummy text of the printing and typesetting industry. ",
        "shipper_type": "Concession",
        "destination_country": "China",
        "lat": 35.86166,
        "lon": 104.195397,
        "shipper": "FORABOLA",
        "species": "AFROMOSIA",
        "weight_tonnes": 1569.922,
        "weight_rwe": 1569.922
    }, {
        "quarter": 1,
        "year": 2014,
        "shipper_description": "Lorem Ipsum is simply dummy text of the printing and typesetting industry. ",
        "shipper_type": "Concession",
        "destination_country": "China",
        "lat": 35.86166,
        "lon": 104.195397,
        "shipper": "FORABOLA",
        "species": "PADOUK",
        "weight_tonnes": 119.577,
        "weight_rwe": 119.577
    }, {
        "quarter": 1,
        "year": 2014,
        "shipper_description": "Lorem Ipsum is simply dummy text of the printing and typesetting industry. ",
        "shipper_type": "Concession",
        "destination_country": "France",
        "lat": 46.227638,
        "lon": 2.213749,
        "shipper": "COTREFOR",
        "species": "IROKO",
        "weight_tonnes": 393.679,
        "weight_rwe": 393.679
    }, {
        "quarter": 1,
        "year": 2014,
        "shipper_description": "Lorem Ipsum is simply dummy text of the printing and typesetting industry. ",
        "shipper_type": "Concession",
        "destination_country": "France",
        "lat": 46.227638,
        "lon": 2.213749,
        "shipper": "SICOBOIS",
        "species": "BOSSE",
        "weight_tonnes": 283.256,
        "weight_rwe": 283.256
    }, {
        "quarter": 1,
        "year": 2014,
        "shipper_description": "Lorem Ipsum is simply dummy text of the printing and typesetting industry. ",
        "shipper_type": "Concession",
        "destination_country": "France",
        "lat": 46.227638,
        "lon": 2.213749,
        "shipper": "SICOBOIS",
        "species": "IROKO",
        "weight_tonnes": 17.109,
        "weight_rwe": 17.109
    }, {
        "quarter": 1,
        "year": 2014,
        "shipper_description": "Lorem Ipsum is simply dummy text of the printing and typesetting industry. ",
        "shipper_type": "Concession",
        "destination_country": "France",
        "lat": 46.227638,
        "lon": 2.213749,
        "shipper": "SICOBOIS",
        "species": "SAPELLI",
        "weight_tonnes": 341.908,
        "weight_rwe": 341.908
    }, {
        "quarter": 1,
        "year": 2014,
        "shipper_description": "Lorem Ipsum is simply dummy text of the printing and typesetting industry. ",
        "shipper_type": "Concession",
        "destination_country": "France",
        "lat": 46.227638,
        "lon": 2.213749,
        "shipper": "SICOBOIS",
        "species": "SIPO",
        "weight_tonnes": 107.655,
        "weight_rwe": 107.655
    }, {
        "quarter": 1,
        "year": 2014,
        "shipper_description": "Lorem Ipsum is simply dummy text of the printing and typesetting industry. ",
        "shipper_type": "Concession",
        "destination_country": "France",
        "lat": 46.227638,
        "lon": 2.213749,
        "shipper": "SICOBOIS",
        "species": "TIAMA",
        "weight_tonnes": 70.705,
        "weight_rwe": 70.705
    }, {
        "quarter": 1,
        "year": 2014,
        "shipper_description": "Lorem Ipsum is simply dummy text of the printing and typesetting industry. ",
        "shipper_type": "Concession",
        "destination_country": "France",
        "lat": 46.227638,
        "lon": 2.213749,
        "shipper": "SICOBOIS",
        "species": "TOLA",
        "weight_tonnes": 57.871,
        "weight_rwe": 57.871
    }, {
        "quarter": 1,
        "year": 2014,
        "shipper_description": "Lorem Ipsum is simply dummy text of the printing and typesetting industry. ",
        "shipper_type": "Concession",
        "destination_country": "Indonesia",
        "lat": -0.789275,
        "lon": 113.921327,
        "shipper": "COTREFOR",
        "species": "IROKO",
        "weight_tonnes": 36.29,
        "weight_rwe": 71.4913
    }, {
        "quarter": 1,
        "year": 2014,
        "shipper_description": "Lorem Ipsum is simply dummy text of the printing and typesetting industry. ",
        "shipper_type": "Concession",
        "destination_country": "Ireland",
        "lat": 53.41291,
        "lon": -8.24389,
        "shipper": "COTREFOR",
        "species": "IROKO",
        "weight_tonnes": 25.457,
        "weight_rwe": 25.457
    }, {
        "quarter": 1,
        "year": 2014,
        "shipper_description": "Lorem Ipsum is simply dummy text of the printing and typesetting industry. ",
        "shipper_type": "Concession",
        "destination_country": "Italy",
        "lat": 41.87194,
        "lon": 12.56738,
        "shipper": "COTREFOR",
        "species": "AFROMOSIA",
        "weight_tonnes": 27.42,
        "weight_rwe": 27.42
    }, {
        "quarter": 1,
        "year": 2014,
        "shipper_description": "Lorem Ipsum is simply dummy text of the printing and typesetting industry. ",
        "shipper_type": "Concession",
        "destination_country": "Japan",
        "lat": 36.204824,
        "lon": 138.252924,
        "shipper": "COTREFOR",
        "species": "KHAYA",
        "weight_tonnes": 72.336,
        "weight_rwe": 72.336
    }, {
        "quarter": 1,
        "year": 2014,
        "shipper_description": "Lorem Ipsum is simply dummy text of the printing and typesetting industry. ",
        "shipper_type": "Concession",
        "destination_country": "Japan",
        "lat": 36.204824,
        "lon": 138.252924,
        "shipper": "FORABOLA",
        "species": "AFROMOSIA",
        "weight_tonnes": 24.156,
        "weight_rwe": 24.156
    }, {
        "quarter": 1,
        "year": 2014,
        "shipper_description": "Lorem Ipsum is simply dummy text of the printing and typesetting industry. ",
        "shipper_type": "Concession",
        "destination_country": "Portugal",
        "lat": 39.399872,
        "lon": -8.224454,
        "shipper": "COTREFOR",
        "species": "IROKO",
        "weight_tonnes": 169.88,
        "weight_rwe": 169.88
    }, {
        "quarter": 1,
        "year": 2014,
        "shipper_description": "Lorem Ipsum is simply dummy text of the printing and typesetting industry. ",
        "shipper_type": "Concession",
        "destination_country": "Portugal",
        "lat": 39.399872,
        "lon": -8.224454,
        "shipper": "COTREFOR",
        "species": "KHAYA",
        "weight_tonnes": 211.1,
        "weight_rwe": 211.1
    }, {
        "quarter": 1,
        "year": 2014,
        "shipper_description": "Lorem Ipsum is simply dummy text of the printing and typesetting industry. ",
        "shipper_type": "Concession",
        "destination_country": "Portugal",
        "lat": 39.399872,
        "lon": -8.224454,
        "shipper": "COTREFOR",
        "species": "KOSSIPO",
        "weight_tonnes": 35.748,
        "weight_rwe": 35.748
    }, {
        "quarter": 1,
        "year": 2014,
        "shipper_description": "Lorem Ipsum is simply dummy text of the printing and typesetting industry. ",
        "shipper_type": "Concession",
        "destination_country": "Portugal",
        "lat": 39.399872,
        "lon": -8.224454,
        "shipper": "COTREFOR",
        "species": "SAPELLI",
        "weight_tonnes": 116.471,
        "weight_rwe": 116.471
    }, {
        "quarter": 1,
        "year": 2014,
        "shipper_description": "Lorem Ipsum is simply dummy text of the printing and typesetting industry. ",
        "shipper_type": "Concession",
        "destination_country": "Portugal",
        "lat": 39.399872,
        "lon": -8.224454,
        "shipper": "COTREFOR",
        "species": "SIPO",
        "weight_tonnes": 59.416,
        "weight_rwe": 59.416
    }, {
        "quarter": 1,
        "year": 2014,
        "shipper_description": "Lorem Ipsum is simply dummy text of the printing and typesetting industry. ",
        "shipper_type": "Concession",
        "destination_country": "Portugal",
        "lat": 39.399872,
        "lon": -8.224454,
        "shipper": "COTREFOR",
        "species": "TOLA",
        "weight_tonnes": 371.189,
        "weight_rwe": 371.189
    }, {
        "quarter": 1,
        "year": 2014,
        "shipper_description": "Lorem Ipsum is simply dummy text of the printing and typesetting industry. ",
        "shipper_type": "Concession",
        "destination_country": "Portugal",
        "lat": 39.399872,
        "lon": -8.224454,
        "shipper": "FORABOLA",
        "species": "DIVERSES",
        "weight_tonnes": 229.355,
        "weight_rwe": 229.355
    }, {
        "quarter": 1,
        "year": 2014,
        "shipper_description": "Lorem Ipsum is simply dummy text of the printing and typesetting industry. ",
        "shipper_type": "Concession",
        "destination_country": "Portugal",
        "lat": 39.399872,
        "lon": -8.224454,
        "shipper": "FORABOLA",
        "species": "SAPELLI",
        "weight_tonnes": 212.395,
        "weight_rwe": 212.395
    }, {
        "quarter": 1,
        "year": 2014,
        "shipper_description": "Lorem Ipsum is simply dummy text of the printing and typesetting industry. ",
        "shipper_type": "Concession",
        "destination_country": "Portugal",
        "lat": 39.399872,
        "lon": -8.224454,
        "shipper": "SICOBOIS",
        "species": "DIBETOU",
        "weight_tonnes": 22.76,
        "weight_rwe": 22.76
    }, {
        "quarter": 1,
        "year": 2014,
        "shipper_description": "Lorem Ipsum is simply dummy text of the printing and typesetting industry. ",
        "shipper_type": "Concession",
        "destination_country": "Portugal",
        "lat": 39.399872,
        "lon": -8.224454,
        "shipper": "SICOBOIS",
        "species": "KOSSIPO",
        "weight_tonnes": 73.028,
        "weight_rwe": 73.028
    }, {
        "quarter": 1,
        "year": 2014,
        "shipper_description": "Lorem Ipsum is simply dummy text of the printing and typesetting industry. ",
        "shipper_type": "Concession",
        "destination_country": "Portugal",
        "lat": 39.399872,
        "lon": -8.224454,
        "shipper": "SICOBOIS",
        "species": "PADOUK",
        "weight_tonnes": 36.592,
        "weight_rwe": 36.592
    }, {
        "quarter": 1,
        "year": 2014,
        "shipper_description": "Lorem Ipsum is simply dummy text of the printing and typesetting industry. ",
        "shipper_type": "Concession",
        "destination_country": "Taiwan",
        "lat": 23.69781,
        "lon": 120.960515,
        "shipper": "FORABOLA",
        "species": "PADOUK",
        "weight_tonnes": 14.769,
        "weight_rwe": 14.769
    }, {
        "quarter": 1,
        "year": 2014,
        "shipper_description": "Lorem Ipsum is simply dummy text of the printing and typesetting industry. ",
        "shipper_type": "Concession",
        "destination_country": "Turkey",
        "lat": 38.963745,
        "lon": 35.243322,
        "shipper": "FORABOLA",
        "species": "AFROMOSIA",
        "weight_tonnes": 100.336,
        "weight_rwe": 100.336
    }, {
        "quarter": 1,
        "year": 2014,
        "shipper_description": "Lorem Ipsum is simply dummy text of the printing and typesetting industry. ",
        "shipper_type": "Concession",
        "destination_country": "United States",
        "lat": 37.09024,
        "lon": -95.712891,
        "shipper": "COTREFOR",
        "species": "AFROMOSIA",
        "weight_tonnes": 67.441,
        "weight_rwe": 67.441
    }, {
        "quarter": 1,
        "year": 2014,
        "shipper_description": "Lorem Ipsum is simply dummy text of the printing and typesetting industry. ",
        "shipper_type": "Concession",
        "destination_country": "United States",
        "lat": 37.09024,
        "lon": -95.712891,
        "shipper": "COTREFOR",
        "species": "KHAYA",
        "weight_tonnes": 40.829,
        "weight_rwe": 40.829
    }, {
        "quarter": 1,
        "year": 2014,
        "shipper_description": "Lorem Ipsum is simply dummy text of the printing and typesetting industry. ",
        "shipper_type": "Concession",
        "destination_country": "United States",
        "lat": 37.09024,
        "lon": -95.712891,
        "shipper": "COTREFOR",
        "species": "SAPELLI",
        "weight_tonnes": 42.197,
        "weight_rwe": 83.12809
    }, {
        "quarter": 1,
        "year": 2014,
        "shipper_description": "Lorem Ipsum is simply dummy text of the printing and typesetting industry. ",
        "shipper_type": "Concession",
        "destination_country": "United States",
        "lat": 37.09024,
        "lon": -95.712891,
        "shipper": "FORABOLA",
        "species": "WENGE",
        "weight_tonnes": 26.34,
        "weight_rwe": 51.8898
    }, {
        "quarter": 1,
        "year": 2014,
        "shipper_description": "Lorem Ipsum is simply dummy text of the printing and typesetting industry. ",
        "shipper_type": "Concession",
        "destination_country": "Vietnam",
        "lat": 14.058324,
        "lon": 108.277199,
        "shipper": "COTREFOR",
        "species": "PADOUK",
        "weight_tonnes": 224.524,
        "weight_rwe": 224.524
    }, {
        "quarter": 2,
        "year": 2014,
        "shipper_description": "Lorem Ipsum is simply dummy text of the printing and typesetting industry.",
        "shipper_type": "Artisinal",
        "destination_country": "Belgium",
        "lat": 50.503887,
        "lon": 4.469936,
        "shipper": "DHL GLOBAL",
        "species": "IROKO",
        "weight_tonnes": 24.225,
        "weight_rwe": 47.72325
    }, {
        "quarter": 2,
        "year": 2014,
        "shipper_description": "Lorem Ipsum is simply dummy text of the printing and typesetting industry.",
        "shipper_type": "Artisinal",
        "destination_country": "Belgium",
        "lat": 50.503887,
        "lon": 4.469936,
        "shipper": "SODEFOR",
        "species": "WENGE",
        "weight_tonnes": 47.58,
        "weight_rwe": 47.58
    }, {
        "quarter": 2,
        "year": 2014,
        "shipper_description": "Lorem Ipsum is simply dummy text of the printing and typesetting industry.",
        "shipper_type": "Artisinal",
        "destination_country": "China",
        "lat": 35.86166,
        "lon": 104.195397,
        "shipper": "CFT",
        "species": "AFROMOSIA",
        "weight_tonnes": 702.86,
        "weight_rwe": 702.86
    }, {
        "quarter": 2,
        "year": 2014,
        "shipper_description": "Lorem Ipsum is simply dummy text of the printing and typesetting industry.",
        "shipper_type": "Artisinal",
        "destination_country": "China",
        "lat": 35.86166,
        "lon": 104.195397,
        "shipper": "MOULSECTEUR SPRL",
        "species": "WENGE",
        "weight_tonnes": 844.277,
        "weight_rwe": 844.277
    }, {
        "quarter": 2,
        "year": 2014,
        "shipper_description": "Lorem Ipsum is simply dummy text of the printing and typesetting industry.",
        "shipper_type": "Artisinal",
        "destination_country": "China",
        "lat": 35.86166,
        "lon": 104.195397,
        "shipper": "SIFORCO",
        "species": "AFROMOSIA",
        "weight_tonnes": 1161.257,
        "weight_rwe": 1161.257
    }, {
        "quarter": 2,
        "year": 2014,
        "shipper_description": "Lorem Ipsum is simply dummy text of the printing and typesetting industry.",
        "shipper_type": "Artisinal",
        "destination_country": "China",
        "lat": 35.86166,
        "lon": 104.195397,
        "shipper": "SIFORCO",
        "species": "WENGE",
        "weight_tonnes": 754.693,
        "weight_rwe": 754.693
    }, {
        "quarter": 2,
        "year": 2014,
        "shipper_description": "Lorem Ipsum is simply dummy text of the printing and typesetting industry.",
        "shipper_type": "Artisinal",
        "destination_country": "China",
        "lat": 35.86166,
        "lon": 104.195397,
        "shipper": "SIFORCO",
        "species": "WENGE ",
        "weight_tonnes": 132.006,
        "weight_rwe": 132.006
    }, {
        "quarter": 2,
        "year": 2014,
        "shipper_description": "Lorem Ipsum is simply dummy text of the printing and typesetting industry.",
        "shipper_type": "Artisinal",
        "destination_country": "Denmark",
        "lat": 56.26392,
        "lon": 9.501785,
        "shipper": "SODEFOR",
        "species": "WENGE",
        "weight_tonnes": 90.433,
        "weight_rwe": 90.433
    }, {
        "quarter": 2,
        "year": 2014,
        "shipper_description": "Lorem Ipsum is simply dummy text of the printing and typesetting industry.",
        "shipper_type": "Artisinal",
        "destination_country": "France",
        "lat": 46.227638,
        "lon": 2.213749,
        "shipper": "SIFORCO",
        "species": "SIPO",
        "weight_tonnes": 70.197,
        "weight_rwe": 70.197
    }, {
        "quarter": 2,
        "year": 2014,
        "shipper_description": "Lorem Ipsum is simply dummy text of the printing and typesetting industry.",
        "shipper_type": "Artisinal",
        "destination_country": "France",
        "lat": 46.227638,
        "lon": 2.213749,
        "shipper": "SIFORCO",
        "species": "WENGE",
        "weight_tonnes": 21.408,
        "weight_rwe": 21.408
    }, {
        "quarter": 2,
        "year": 2014,
        "shipper_description": "Lorem Ipsum is simply dummy text of the printing and typesetting industry.",
        "shipper_type": "Artisinal",
        "destination_country": "Germany",
        "lat": 51.165691,
        "lon": 10.451526,
        "shipper": "SODEFOR",
        "species": "WENGE",
        "weight_tonnes": 22.06,
        "weight_rwe": 22.06
    }, {
        "quarter": 2,
        "year": 2014,
        "shipper_description": "Lorem Ipsum is simply dummy text of the printing and typesetting industry.",
        "shipper_type": "Artisinal",
        "destination_country": "India",
        "lat": 20.593684,
        "lon": 78.96288,
        "shipper": "SIFORCO",
        "species": "SAPELLI",
        "weight_tonnes": 42.283,
        "weight_rwe": 42.283
    }, {
        "quarter": 2,
        "year": 2014,
        "shipper_description": "Lorem Ipsum is simply dummy text of the printing and typesetting industry.",
        "shipper_type": "Artisinal",
        "destination_country": "Italy",
        "lat": 41.87194,
        "lon": 12.56738,
        "shipper": "SODEFOR",
        "species": "WENGE",
        "weight_tonnes": 62.66,
        "weight_rwe": 62.66
    }, {
        "quarter": 2,
        "year": 2014,
        "shipper_description": "Lorem Ipsum is simply dummy text of the printing and typesetting industry.",
        "shipper_type": "Artisinal",
        "destination_country": "Lebanon",
        "lat": 33.854721,
        "lon": 35.862285,
        "shipper": "SODEFOR",
        "species": "WENGE",
        "weight_tonnes": 20.42,
        "weight_rwe": 20.42
    }, {
        "quarter": 2,
        "year": 2014,
        "shipper_description": "Lorem Ipsum is simply dummy text of the printing and typesetting industry.",
        "shipper_type": "Artisinal",
        "destination_country": "Malaysia",
        "lat": 4.210484,
        "lon": 101.975766,
        "shipper": "SIFORCO",
        "species": "WENGE",
        "weight_tonnes": 376.943,
        "weight_rwe": 376.943
    }, {
        "quarter": 2,
        "year": 2014,
        "shipper_description": "Lorem Ipsum is simply dummy text of the printing and typesetting industry.",
        "shipper_type": "Artisinal",
        "destination_country": "Morocco",
        "lat": 31.791702,
        "lon": -7.09262,
        "shipper": "SIFORCO",
        "species": "SAPELLI",
        "weight_tonnes": 82.564,
        "weight_rwe": 82.564
    }, {
        "quarter": 2,
        "year": 2014,
        "shipper_description": "Lorem Ipsum is simply dummy text of the printing and typesetting industry.",
        "shipper_type": "Artisinal",
        "destination_country": "Saudi Arabia",
        "lat": 23.885942,
        "lon": 45.079162,
        "shipper": "SIFORCO",
        "species": "SAPELLI",
        "weight_tonnes": 40.563,
        "weight_rwe": 40.563
    }, {
        "quarter": 2,
        "year": 2014,
        "shipper_description": "Lorem Ipsum is simply dummy text of the printing and typesetting industry.",
        "shipper_type": "Artisinal",
        "destination_country": "South Africa",
        "lat": -30.559482,
        "lon": 22.937506,
        "shipper": "SIFORCO",
        "species": "SAPELLI",
        "weight_tonnes": 20.448,
        "weight_rwe": 20.448
    }, {
        "quarter": 2,
        "year": 2014,
        "shipper_description": "Lorem Ipsum is simply dummy text of the printing and typesetting industry.",
        "shipper_type": "Artisinal",
        "destination_country": "Spain",
        "lat": 40.463667,
        "lon": -3.74922,
        "shipper": "SIFORCO",
        "species": "IROKO",
        "weight_tonnes": 16.714,
        "weight_rwe": 16.714
    }, {
        "quarter": 2,
        "year": 2014,
        "shipper_description": "Lorem Ipsum is simply dummy text of the printing and typesetting industry.",
        "shipper_type": "Artisinal",
        "destination_country": "Spain",
        "lat": 40.463667,
        "lon": -3.74922,
        "shipper": "SIFORCO",
        "species": "KHAYA ANTHOTHECA",
        "weight_tonnes": 21.581,
        "weight_rwe": 21.581
    }, {
        "quarter": 2,
        "year": 2014,
        "shipper_description": "Lorem Ipsum is simply dummy text of the printing and typesetting industry.",
        "shipper_type": "Artisinal",
        "destination_country": "Spain",
        "lat": 40.463667,
        "lon": -3.74922,
        "shipper": "SODEFOR",
        "species": "IROKO",
        "weight_tonnes": 15.94,
        "weight_rwe": 15.94
    }, {
        "quarter": 2,
        "year": 2014,
        "shipper_description": "Lorem Ipsum is simply dummy text of the printing and typesetting industry.",
        "shipper_type": "Artisinal",
        "destination_country": "Turkey",
        "lat": 38.963745,
        "lon": 35.243322,
        "shipper": "SIFORCO",
        "species": "CHLOROPHORA EXCELSA",
        "weight_tonnes": 180.101,
        "weight_rwe": 180.101
    }, {
        "quarter": 2,
        "year": 2014,
        "shipper_description": "Lorem Ipsum is simply dummy text of the printing and typesetting industry.",
        "shipper_type": "Artisinal",
        "destination_country": "Turkey",
        "lat": 38.963745,
        "lon": 35.243322,
        "shipper": "SODEFOR",
        "species": "SAPELLI",
        "weight_tonnes": 88.629,
        "weight_rwe": 88.629
    }, {
        "quarter": 2,
        "year": 2014,
        "shipper_description": "Lorem Ipsum is simply dummy text of the printing and typesetting industry.",
        "shipper_type": "Artisinal",
        "destination_country": "United Arab Emirates",
        "lat": 23.424076,
        "lon": 53.847818,
        "shipper": "SIFORCO",
        "species": "AFROMOSIA",
        "weight_tonnes": 113.375,
        "weight_rwe": 113.375
    }, {
        "quarter": 2,
        "year": 2014,
        "shipper_description": "Lorem Ipsum is simply dummy text of the printing and typesetting industry.",
        "shipper_type": "Artisinal",
        "destination_country": "United Arab Emirates",
        "lat": 23.424076,
        "lon": 53.847818,
        "shipper": "SODEFOR",
        "species": "IROKO",
        "weight_tonnes": 470.159,
        "weight_rwe": 470.159
    }, {
        "quarter": 2,
        "year": 2014,
        "shipper_description": "Lorem Ipsum is simply dummy text of the printing and typesetting industry.",
        "shipper_type": "Artisinal",
        "destination_country": "United States",
        "lat": 37.09024,
        "lon": -95.712891,
        "shipper": "SODEFOR",
        "species": "WENGE",
        "weight_tonnes": 54.3,
        "weight_rwe": 54.3
    }, {
        "quarter": 2,
        "year": 2014,
        "shipper_description": "Lorem Ipsum is simply dummy text of the printing and typesetting industry.",
        "shipper_type": "Artisinal",
        "destination_country": "Vietnam",
        "lat": 14.058324,
        "lon": 108.277199,
        "shipper": "CFT",
        "species": "TALI",
        "weight_tonnes": 109.417,
        "weight_rwe": 109.417
    }, {
        "quarter": 2,
        "year": 2014,
        "shipper_description": "Lorem Ipsum is simply dummy text of the printing and typesetting industry. ",
        "shipper_type": "Concession",
        "destination_country": "Canada",
        "lat": 56.130366,
        "lon": -106.346771,
        "shipper": "COTREFOR",
        "species": "SIPO",
        "weight_tonnes": 18.642,
        "weight_rwe": 18.642
    }, {
        "quarter": 2,
        "year": 2014,
        "shipper_description": "Lorem Ipsum is simply dummy text of the printing and typesetting industry. ",
        "shipper_type": "Concession",
        "destination_country": "China",
        "lat": 35.86166,
        "lon": 104.195397,
        "shipper": "COTREFOR",
        "species": "IROKO",
        "weight_tonnes": 25.718,
        "weight_rwe": 25.718
    }, {
        "quarter": 2,
        "year": 2014,
        "shipper_description": "Lorem Ipsum is simply dummy text of the printing and typesetting industry. ",
        "shipper_type": "Concession",
        "destination_country": "China",
        "lat": 35.86166,
        "lon": 104.195397,
        "shipper": "ITB",
        "species": "IROKO",
        "weight_tonnes": 236.308,
        "weight_rwe": 236.308
    }, {
        "quarter": 2,
        "year": 2014,
        "shipper_description": "Lorem Ipsum is simply dummy text of the printing and typesetting industry. ",
        "shipper_type": "Concession",
        "destination_country": "China",
        "lat": 35.86166,
        "lon": 104.195397,
        "shipper": "ITB",
        "species": "WENGE",
        "weight_tonnes": 482.046,
        "weight_rwe": 482.046
    }, {
        "quarter": 2,
        "year": 2014,
        "shipper_description": "Lorem Ipsum is simply dummy text of the printing and typesetting industry. ",
        "shipper_type": "Concession",
        "destination_country": "China",
        "lat": 35.86166,
        "lon": 104.195397,
        "shipper": "STE FOREST-PRO",
        "species": "WENGE",
        "weight_tonnes": 45.294,
        "weight_rwe": 45.294
    }, {
        "quarter": 2,
        "year": 2014,
        "shipper_description": "Lorem Ipsum is simply dummy text of the printing and typesetting industry. ",
        "shipper_type": "Concession",
        "destination_country": "Japan",
        "lat": 36.204824,
        "lon": 138.252924,
        "shipper": "COTREFOR",
        "species": "KHAYA",
        "weight_tonnes": 17.101,
        "weight_rwe": 17.101
    }, {
        "quarter": 2,
        "year": 2014,
        "shipper_description": "Lorem Ipsum is simply dummy text of the printing and typesetting industry. ",
        "shipper_type": "Concession",
        "destination_country": "Morocco",
        "lat": 31.791702,
        "lon": -7.09262,
        "shipper": "COTREFOR",
        "species": "KOSSIPO",
        "weight_tonnes": 20.518,
        "weight_rwe": 20.518
    }, {
        "quarter": 2,
        "year": 2014,
        "shipper_description": "Lorem Ipsum is simply dummy text of the printing and typesetting industry. ",
        "shipper_type": "Concession",
        "destination_country": "Morocco",
        "lat": 31.791702,
        "lon": -7.09262,
        "shipper": "COTREFOR",
        "species": "TIAMA",
        "weight_tonnes": 23.903,
        "weight_rwe": 23.903
    }, {
        "quarter": 2,
        "year": 2014,
        "shipper_description": "Lorem Ipsum is simply dummy text of the printing and typesetting industry. ",
        "shipper_type": "Concession",
        "destination_country": "Taiwan",
        "lat": 23.69781,
        "lon": 120.960515,
        "shipper": "COTREFOR",
        "species": "DOUSSIE",
        "weight_tonnes": 14.512,
        "weight_rwe": 14.512
    }, {
        "quarter": 2,
        "year": 2014,
        "shipper_description": "Lorem Ipsum is simply dummy text of the printing and typesetting industry. ",
        "shipper_type": "Concession",
        "destination_country": "Taiwan",
        "lat": 23.69781,
        "lon": 120.960515,
        "shipper": "COTREFOR",
        "species": "KHAYA&DOUSSIE",
        "weight_tonnes": 71.19,
        "weight_rwe": 71.19
    }, {
        "quarter": 2,
        "year": 2014,
        "shipper_description": "Lorem Ipsum is simply dummy text of the printing and typesetting industry. ",
        "shipper_type": "Concession",
        "destination_country": "Taiwan",
        "lat": 23.69781,
        "lon": 120.960515,
        "shipper": "FORABOLA",
        "species": "AFROMOSIA",
        "weight_tonnes": 88.797,
        "weight_rwe": 88.797
    }, {
        "quarter": 2,
        "year": 2014,
        "shipper_description": "Lorem Ipsum is simply dummy text of the printing and typesetting industry. ",
        "shipper_type": "Concession",
        "destination_country": "United Arab Emirates",
        "lat": 23.424076,
        "lon": 53.847818,
        "shipper": "FORABOLA",
        "species": "IROKO",
        "weight_tonnes": 177.15,
        "weight_rwe": 177.15
    }, {
        "quarter": 2,
        "year": 2014,
        "shipper_description": "Lorem Ipsum is simply dummy text of the printing and typesetting industry. ",
        "shipper_type": "Concession",
        "destination_country": "United Kingdom",
        "lat": 55.378051,
        "lon": -3.435973,
        "shipper": "COTREFOR",
        "species": "IROKO",
        "weight_tonnes": 50.884,
        "weight_rwe": 50.884
    }, {
        "quarter": 2,
        "year": 2014,
        "shipper_description": "Lorem Ipsum is simply dummy text of the printing and typesetting industry. ",
        "shipper_type": "Concession",
        "destination_country": "United Kingdom",
        "lat": 55.378051,
        "lon": -3.435973,
        "shipper": "COTREFOR",
        "species": "SAPELLI",
        "weight_tonnes": 21.054,
        "weight_rwe": 21.054
    }, {
        "quarter": 2,
        "year": 2014,
        "shipper_description": "Lorem Ipsum is simply dummy text of the printing and typesetting industry. ",
        "shipper_type": "Concession",
        "destination_country": "United States",
        "lat": 37.09024,
        "lon": -95.712891,
        "shipper": "COTREFOR",
        "species": "AFROMOSIA",
        "weight_tonnes": 67.747,
        "weight_rwe": 67.747
    }, {
        "quarter": 2,
        "year": 2014,
        "shipper_description": "Lorem Ipsum is simply dummy text of the printing and typesetting industry. ",
        "shipper_type": "Concession",
        "destination_country": "United States",
        "lat": 37.09024,
        "lon": -95.712891,
        "shipper": "COTREFOR",
        "species": "SIPO",
        "weight_tonnes": 18.023,
        "weight_rwe": 18.023
    }, {
        "quarter": 2,
        "year": 2014,
        "shipper_description": "Lorem Ipsum is simply dummy text of the printing and typesetting industry. ",
        "shipper_type": "Concession",
        "destination_country": "United States",
        "lat": 37.09024,
        "lon": -95.712891,
        "shipper": "EAST TEAK FINE",
        "species": "AFROMOSIA",
        "weight_tonnes": 22.501,
        "weight_rwe": 22.501
    }, {
        "quarter": 2,
        "year": 2014,
        "shipper_description": "Lorem Ipsum is simply dummy text of the printing and typesetting industry. ",
        "shipper_type": "Concession",
        "destination_country": "Vietnam",
        "lat": 14.058324,
        "lon": 108.277199,
        "shipper": "FORABOLA",
        "species": "TALI",
        "weight_tonnes": 212.946,
        "weight_rwe": 212.946
    }, {
        "quarter": 3,
        "year": 2014,
        "shipper_description": "Lorem Ipsum is simply dummy text of the printing and typesetting industry.",
        "shipper_type": "Artisinal",
        "destination_country": "Belgium",
        "lat": 50.503887,
        "lon": 4.469936,
        "shipper": "LA FORESTIERE",
        "species": "AFROMOSIA SAWN TIMBER",
        "weight_tonnes": 128.6,
        "weight_rwe": 253.342
    }, {
        "quarter": 3,
        "year": 2014,
        "shipper_description": "Lorem Ipsum is simply dummy text of the printing and typesetting industry.",
        "shipper_type": "Artisinal",
        "destination_country": "Belgium",
        "lat": 50.503887,
        "lon": 4.469936,
        "shipper": "SIFORCO",
        "species": "BOIS SCIES AFROMOSIA",
        "weight_tonnes": 81.852,
        "weight_rwe": 161.24844
    }, {
        "quarter": 3,
        "year": 2014,
        "shipper_description": "Lorem Ipsum is simply dummy text of the printing and typesetting industry.",
        "shipper_type": "Artisinal",
        "destination_country": "Belgium",
        "lat": 50.503887,
        "lon": 4.469936,
        "shipper": "SIFORCO",
        "species": "GRUMES AFROMOSIA",
        "weight_tonnes": 56.713,
        "weight_rwe": 56.713
    }, {
        "quarter": 3,
        "year": 2014,
        "shipper_description": "Lorem Ipsum is simply dummy text of the printing and typesetting industry.",
        "shipper_type": "Artisinal",
        "destination_country": "China",
        "lat": 35.86166,
        "lon": 104.195397,
        "shipper": "CFT",
        "species": "AFROMOSIA",
        "weight_tonnes": 1098.589,
        "weight_rwe": 1098.589
    }, {
        "quarter": 3,
        "year": 2014,
        "shipper_description": "Lorem Ipsum is simply dummy text of the printing and typesetting industry.",
        "shipper_type": "Artisinal",
        "destination_country": "China",
        "lat": 35.86166,
        "lon": 104.195397,
        "shipper": "ETS DIEU EST AMOUR",
        "species": "WENGE",
        "weight_tonnes": 345.987,
        "weight_rwe": 345.987
    }, {
        "quarter": 3,
        "year": 2014,
        "shipper_description": "Lorem Ipsum is simply dummy text of the printing and typesetting industry.",
        "shipper_type": "Artisinal",
        "destination_country": "China",
        "lat": 35.86166,
        "lon": 104.195397,
        "shipper": "ETS DIEU EST AMOUR",
        "species": "WENGE LOGS",
        "weight_tonnes": 277.294,
        "weight_rwe": 277.294
    }, {
        "quarter": 3,
        "year": 2014,
        "shipper_description": "Lorem Ipsum is simply dummy text of the printing and typesetting industry.",
        "shipper_type": "Artisinal",
        "destination_country": "China",
        "lat": 35.86166,
        "lon": 104.195397,
        "shipper": "ETS FARAH",
        "species": "WENGE LOGS",
        "weight_tonnes": 442.538,
        "weight_rwe": 442.538
    }, {
        "quarter": 3,
        "year": 2014,
        "shipper_description": "Lorem Ipsum is simply dummy text of the printing and typesetting industry.",
        "shipper_type": "Artisinal",
        "destination_country": "China",
        "lat": 35.86166,
        "lon": 104.195397,
        "shipper": "SIFORCO",
        "species": "AFROMOSIA",
        "weight_tonnes": 1052.995,
        "weight_rwe": 1052.995
    }, {
        "quarter": 3,
        "year": 2014,
        "shipper_description": "Lorem Ipsum is simply dummy text of the printing and typesetting industry.",
        "shipper_type": "Artisinal",
        "destination_country": "China",
        "lat": 35.86166,
        "lon": 104.195397,
        "shipper": "SIFORCO",
        "species": "WENGE",
        "weight_tonnes": 1470.229,
        "weight_rwe": 1470.229
    }, {
        "quarter": 3,
        "year": 2014,
        "shipper_description": "Lorem Ipsum is simply dummy text of the printing and typesetting industry.",
        "shipper_type": "Artisinal",
        "destination_country": "China",
        "lat": 35.86166,
        "lon": 104.195397,
        "shipper": "SIFORCO",
        "species": "WENGE LOGS",
        "weight_tonnes": 292.655,
        "weight_rwe": 292.655
    }, {
        "quarter": 3,
        "year": 2014,
        "shipper_description": "Lorem Ipsum is simply dummy text of the printing and typesetting industry.",
        "shipper_type": "Artisinal",
        "destination_country": "China",
        "lat": 35.86166,
        "lon": 104.195397,
        "shipper": "SODEFOR",
        "species": "VARIOUS",
        "weight_tonnes": 7631.176,
        "weight_rwe": 7631.176
    }, {
        "quarter": 3,
        "year": 2014,
        "shipper_description": "Lorem Ipsum is simply dummy text of the printing and typesetting industry.",
        "shipper_type": "Artisinal",
        "destination_country": "China",
        "lat": 35.86166,
        "lon": 104.195397,
        "shipper": "SODEFOR",
        "species": "WENGE",
        "weight_tonnes": 672.974,
        "weight_rwe": 672.974
    }, {
        "quarter": 3,
        "year": 2014,
        "shipper_description": "Lorem Ipsum is simply dummy text of the printing and typesetting industry.",
        "shipper_type": "Artisinal",
        "destination_country": "France",
        "lat": 46.227638,
        "lon": 2.213749,
        "shipper": "SIFORCO",
        "species": "BOSE",
        "weight_tonnes": 146.499,
        "weight_rwe": 146.499
    }, {
        "quarter": 3,
        "year": 2014,
        "shipper_description": "Lorem Ipsum is simply dummy text of the printing and typesetting industry.",
        "shipper_type": "Artisinal",
        "destination_country": "France",
        "lat": 46.227638,
        "lon": 2.213749,
        "shipper": "SIFORCO",
        "species": "BOSSE",
        "weight_tonnes": 61.289,
        "weight_rwe": 61.289
    }, {
        "quarter": 3,
        "year": 2014,
        "shipper_description": "Lorem Ipsum is simply dummy text of the printing and typesetting industry.",
        "shipper_type": "Artisinal",
        "destination_country": "France",
        "lat": 46.227638,
        "lon": 2.213749,
        "shipper": "SIFORCO",
        "species": "IROKO",
        "weight_tonnes": 65.868,
        "weight_rwe": 65.868
    }, {
        "quarter": 3,
        "year": 2014,
        "shipper_description": "Lorem Ipsum is simply dummy text of the printing and typesetting industry.",
        "shipper_type": "Artisinal",
        "destination_country": "France",
        "lat": 46.227638,
        "lon": 2.213749,
        "shipper": "SIFORCO",
        "species": "SAPELLI",
        "weight_tonnes": 128.001,
        "weight_rwe": 128.001
    }, {
        "quarter": 3,
        "year": 2014,
        "shipper_description": "Lorem Ipsum is simply dummy text of the printing and typesetting industry.",
        "shipper_type": "Artisinal",
        "destination_country": "France",
        "lat": 46.227638,
        "lon": 2.213749,
        "shipper": "SIFORCO",
        "species": "SIPO",
        "weight_tonnes": 320.931,
        "weight_rwe": 320.931
    }, {
        "quarter": 3,
        "year": 2014,
        "shipper_description": "Lorem Ipsum is simply dummy text of the printing and typesetting industry.",
        "shipper_type": "Artisinal",
        "destination_country": "France",
        "lat": 46.227638,
        "lon": 2.213749,
        "shipper": "SODEFOR",
        "species": "DIVERSES",
        "weight_tonnes": 219.484,
        "weight_rwe": 219.484
    }, {
        "quarter": 3,
        "year": 2014,
        "shipper_description": "Lorem Ipsum is simply dummy text of the printing and typesetting industry.",
        "shipper_type": "Artisinal",
        "destination_country": "Germany",
        "lat": 51.165691,
        "lon": 10.451526,
        "shipper": "SIFORCO",
        "species": "GUAREA CEDRATA",
        "weight_tonnes": 10.952,
        "weight_rwe": 21.57544
    }, {
        "quarter": 3,
        "year": 2014,
        "shipper_description": "Lorem Ipsum is simply dummy text of the printing and typesetting industry.",
        "shipper_type": "Artisinal",
        "destination_country": "Italy",
        "lat": 41.87194,
        "lon": 12.56738,
        "shipper": "SIFORCO",
        "species": "AFROMOSIA SAWN TIMBER",
        "weight_tonnes": 17.642,
        "weight_rwe": 34.75474
    }, {
        "quarter": 3,
        "year": 2014,
        "shipper_description": "Lorem Ipsum is simply dummy text of the printing and typesetting industry.",
        "shipper_type": "Artisinal",
        "destination_country": "Italy",
        "lat": 41.87194,
        "lon": 12.56738,
        "shipper": "SIFORCO",
        "species": "WENGE",
        "weight_tonnes": 16.474,
        "weight_rwe": 32.45378
    }, {
        "quarter": 3,
        "year": 2014,
        "shipper_description": "Lorem Ipsum is simply dummy text of the printing and typesetting industry.",
        "shipper_type": "Artisinal",
        "destination_country": "Japan",
        "lat": 36.204824,
        "lon": 138.252924,
        "shipper": "SODEFOR",
        "species": "WENGE",
        "weight_tonnes": 20.646,
        "weight_rwe": 20.646
    }, {
        "quarter": 3,
        "year": 2014,
        "shipper_description": "Lorem Ipsum is simply dummy text of the printing and typesetting industry.",
        "shipper_type": "Artisinal",
        "destination_country": "Morocco",
        "lat": 31.791702,
        "lon": -7.09262,
        "shipper": "SIFORCO",
        "species": "SAPELLI",
        "weight_tonnes": 68.69,
        "weight_rwe": 135.3193
    }, {
        "quarter": 3,
        "year": 2014,
        "shipper_description": "Lorem Ipsum is simply dummy text of the printing and typesetting industry.",
        "shipper_type": "Artisinal",
        "destination_country": "Poland",
        "lat": 51.919438,
        "lon": 19.145136,
        "shipper": "LA FORESTIERE",
        "species": "BOTTES SCIAGE AFROMOSIA",
        "weight_tonnes": 18.083,
        "weight_rwe": 35.62351
    }, {
        "quarter": 3,
        "year": 2014,
        "shipper_description": "Lorem Ipsum is simply dummy text of the printing and typesetting industry.",
        "shipper_type": "Artisinal",
        "destination_country": "Portugal",
        "lat": 39.399872,
        "lon": -8.224454,
        "shipper": "SIFORCO",
        "species": "GUAREA CEDRATA",
        "weight_tonnes": 13.649,
        "weight_rwe": 26.88853
    }, {
        "quarter": 3,
        "year": 2014,
        "shipper_description": "Lorem Ipsum is simply dummy text of the printing and typesetting industry.",
        "shipper_type": "Artisinal",
        "destination_country": "Republic of Congo",
        "lat": -0.228021,
        "lon": 15.827659,
        "shipper": "SODEFOR",
        "species": "AFROMOSIA",
        "weight_tonnes": 116.6,
        "weight_rwe": 116.6
    }, {
        "quarter": 3,
        "year": 2014,
        "shipper_description": "Lorem Ipsum is simply dummy text of the printing and typesetting industry.",
        "shipper_type": "Artisinal",
        "destination_country": "Republic of Congo",
        "lat": -0.228021,
        "lon": 15.827659,
        "shipper": "SODEFOR",
        "species": "WENGE",
        "weight_tonnes": 13.84,
        "weight_rwe": 13.84
    }, {
        "quarter": 3,
        "year": 2014,
        "shipper_description": "Lorem Ipsum is simply dummy text of the printing and typesetting industry.",
        "shipper_type": "Artisinal",
        "destination_country": "Spain",
        "lat": 40.463667,
        "lon": -3.74922,
        "shipper": "SIFORCO",
        "species": "SAPELLI",
        "weight_tonnes": 50.649,
        "weight_rwe": 50.649
    }, {
        "quarter": 3,
        "year": 2014,
        "shipper_description": "Lorem Ipsum is simply dummy text of the printing and typesetting industry.",
        "shipper_type": "Artisinal",
        "destination_country": "Spain",
        "lat": 40.463667,
        "lon": -3.74922,
        "shipper": "SIFORCO",
        "species": "SAPELLI VENEERING SHEET PALL ETS",
        "weight_tonnes": 26.218,
        "weight_rwe": 51.64946
    }, {
        "quarter": 3,
        "year": 2014,
        "shipper_description": "Lorem Ipsum is simply dummy text of the printing and typesetting industry.",
        "shipper_type": "Artisinal",
        "destination_country": "Taiwan",
        "lat": 23.69781,
        "lon": 120.960515,
        "shipper": "SODEFOR",
        "species": "WENGE",
        "weight_tonnes": 36.1,
        "weight_rwe": 36.1
    }, {
        "quarter": 3,
        "year": 2014,
        "shipper_description": "Lorem Ipsum is simply dummy text of the printing and typesetting industry.",
        "shipper_type": "Artisinal",
        "destination_country": "United Arab Emirates",
        "lat": 23.424076,
        "lon": 53.847818,
        "shipper": "SODEFOR",
        "species": "AFROMOSIA",
        "weight_tonnes": 22.07,
        "weight_rwe": 22.07
    }, {
        "quarter": 3,
        "year": 2014,
        "shipper_description": "Lorem Ipsum is simply dummy text of the printing and typesetting industry.",
        "shipper_type": "Artisinal",
        "destination_country": "United States",
        "lat": 37.09024,
        "lon": -95.712891,
        "shipper": "SIFORCO",
        "species": "ACAJOU",
        "weight_tonnes": 58.641,
        "weight_rwe": 115.52277
    }, {
        "quarter": 3,
        "year": 2014,
        "shipper_description": "Lorem Ipsum is simply dummy text of the printing and typesetting industry.",
        "shipper_type": "Artisinal",
        "destination_country": "United States",
        "lat": 37.09024,
        "lon": -95.712891,
        "shipper": "SIFORCO",
        "species": "AFROMOSIA",
        "weight_tonnes": 19.533,
        "weight_rwe": 38.48001
    }, {
        "quarter": 3,
        "year": 2014,
        "shipper_description": "Lorem Ipsum is simply dummy text of the printing and typesetting industry.",
        "shipper_type": "Artisinal",
        "destination_country": "Vietnam",
        "lat": 14.058324,
        "lon": 108.277199,
        "shipper": "COMPAGNIE",
        "species": "LOGS PADOUK",
        "weight_tonnes": 394.307,
        "weight_rwe": 394.307
    }, {
        "quarter": 3,
        "year": 2014,
        "shipper_description": "Lorem Ipsum is simply dummy text of the printing and typesetting industry.",
        "shipper_type": "Artisinal",
        "destination_country": "Vietnam",
        "lat": 14.058324,
        "lon": 108.277199,
        "shipper": "SODEFOR",
        "species": "TALI",
        "weight_tonnes": 648.953,
        "weight_rwe": 648.953
    }, {
        "quarter": 3,
        "year": 2014,
        "shipper_description": "Lorem Ipsum is simply dummy text of the printing and typesetting industry. ",
        "shipper_type": "Concession",
        "destination_country": "Angola",
        "lat": -11.202692,
        "lon": 17.873887,
        "shipper": "COTREFOR",
        "species": "IROKO",
        "weight_tonnes": 51.294,
        "weight_rwe": 51.294
    }, {
        "quarter": 3,
        "year": 2014,
        "shipper_description": "Lorem Ipsum is simply dummy text of the printing and typesetting industry. ",
        "shipper_type": "Concession",
        "destination_country": "Belgium",
        "lat": 50.503887,
        "lon": 4.469936,
        "shipper": "COTREFOR",
        "species": "AFROMOSIA",
        "weight_tonnes": 22.554,
        "weight_rwe": 44.43138
    }, {
        "quarter": 3,
        "year": 2014,
        "shipper_description": "Lorem Ipsum is simply dummy text of the printing and typesetting industry. ",
        "shipper_type": "Concession",
        "destination_country": "Belgium",
        "lat": 50.503887,
        "lon": 4.469936,
        "shipper": "COTREFOR",
        "species": "SIPO SAWN TIMBER",
        "weight_tonnes": 22.146,
        "weight_rwe": 43.62762
    }, {
        "quarter": 3,
        "year": 2014,
        "shipper_description": "Lorem Ipsum is simply dummy text of the printing and typesetting industry. ",
        "shipper_type": "Concession",
        "destination_country": "China",
        "lat": 35.86166,
        "lon": 104.195397,
        "shipper": "BAKRI BOIS",
        "species": "WENGE",
        "weight_tonnes": 433.874,
        "weight_rwe": 433.874
    }, {
        "quarter": 3,
        "year": 2014,
        "shipper_description": "Lorem Ipsum is simply dummy text of the printing and typesetting industry. ",
        "shipper_type": "Concession",
        "destination_country": "China",
        "lat": 35.86166,
        "lon": 104.195397,
        "shipper": "BOLLORE AFRICA",
        "species": "GRUMES WENGE",
        "weight_tonnes": 645.212,
        "weight_rwe": 645.212
    }, {
        "quarter": 3,
        "year": 2014,
        "shipper_description": "Lorem Ipsum is simply dummy text of the printing and typesetting industry. ",
        "shipper_type": "Concession",
        "destination_country": "China",
        "lat": 35.86166,
        "lon": 104.195397,
        "shipper": "BOLLORE LOGISTICS",
        "species": "GRUMES WENGE",
        "weight_tonnes": 700.139,
        "weight_rwe": 700.139
    }, {
        "quarter": 3,
        "year": 2014,
        "shipper_description": "Lorem Ipsum is simply dummy text of the printing and typesetting industry. ",
        "shipper_type": "Concession",
        "destination_country": "China",
        "lat": 35.86166,
        "lon": 104.195397,
        "shipper": "COMEXAS",
        "species": "WENGE LOGS",
        "weight_tonnes": 655.329,
        "weight_rwe": 655.329
    }, {
        "quarter": 3,
        "year": 2014,
        "shipper_description": "Lorem Ipsum is simply dummy text of the printing and typesetting industry. ",
        "shipper_type": "Concession",
        "destination_country": "China",
        "lat": 35.86166,
        "lon": 104.195397,
        "shipper": "COTREFOR",
        "species": "AFROMOSIA",
        "weight_tonnes": 519.071,
        "weight_rwe": 519.071
    }, {
        "quarter": 3,
        "year": 2014,
        "shipper_description": "Lorem Ipsum is simply dummy text of the printing and typesetting industry. ",
        "shipper_type": "Concession",
        "destination_country": "China",
        "lat": 35.86166,
        "lon": 104.195397,
        "shipper": "ETS DIEUDONNE",
        "species": "WENGE LOGS",
        "weight_tonnes": 152.985,
        "weight_rwe": 152.985
    }, {
        "quarter": 3,
        "year": 2014,
        "shipper_description": "Lorem Ipsum is simply dummy text of the printing and typesetting industry. ",
        "shipper_type": "Concession",
        "destination_country": "China",
        "lat": 35.86166,
        "lon": 104.195397,
        "shipper": "ETS LA MAMA",
        "species": "SAPELLI LOGS",
        "weight_tonnes": 548.14,
        "weight_rwe": 548.14
    }, {
        "quarter": 3,
        "year": 2014,
        "shipper_description": "Lorem Ipsum is simply dummy text of the printing and typesetting industry. ",
        "shipper_type": "Concession",
        "destination_country": "China",
        "lat": 35.86166,
        "lon": 104.195397,
        "shipper": "FORABOLA",
        "species": "AFROMOSIA",
        "weight_tonnes": 4897.373,
        "weight_rwe": 4897.373
    }, {
        "quarter": 3,
        "year": 2014,
        "shipper_description": "Lorem Ipsum is simply dummy text of the printing and typesetting industry. ",
        "shipper_type": "Concession",
        "destination_country": "China",
        "lat": 35.86166,
        "lon": 104.195397,
        "shipper": "FORABOLA",
        "species": "VARIOUS",
        "weight_tonnes": 906.687,
        "weight_rwe": 906.687
    }, {
        "quarter": 3,
        "year": 2014,
        "shipper_description": "Lorem Ipsum is simply dummy text of the printing and typesetting industry. ",
        "shipper_type": "Concession",
        "destination_country": "China",
        "lat": 35.86166,
        "lon": 104.195397,
        "shipper": "ITB",
        "species": "WENGE",
        "weight_tonnes": 2383.163,
        "weight_rwe": 2383.163
    }, {
        "quarter": 3,
        "year": 2014,
        "shipper_description": "Lorem Ipsum is simply dummy text of the printing and typesetting industry. ",
        "shipper_type": "Concession",
        "destination_country": "France",
        "lat": 46.227638,
        "lon": 2.213749,
        "shipper": "COTREFOR",
        "species": "LOGS BOSSE",
        "weight_tonnes": 130.968,
        "weight_rwe": 130.968
    }, {
        "quarter": 3,
        "year": 2014,
        "shipper_description": "Lorem Ipsum is simply dummy text of the printing and typesetting industry. ",
        "shipper_type": "Concession",
        "destination_country": "France",
        "lat": 46.227638,
        "lon": 2.213749,
        "shipper": "COTREFOR",
        "species": "LOGS DIVERSES",
        "weight_tonnes": 202.017,
        "weight_rwe": 202.017
    }, {
        "quarter": 3,
        "year": 2014,
        "shipper_description": "Lorem Ipsum is simply dummy text of the printing and typesetting industry. ",
        "shipper_type": "Concession",
        "destination_country": "France",
        "lat": 46.227638,
        "lon": 2.213749,
        "shipper": "COTREFOR",
        "species": "LOGS KOSIPO",
        "weight_tonnes": 26.34,
        "weight_rwe": 26.34
    }, {
        "quarter": 3,
        "year": 2014,
        "shipper_description": "Lorem Ipsum is simply dummy text of the printing and typesetting industry. ",
        "shipper_type": "Concession",
        "destination_country": "France",
        "lat": 46.227638,
        "lon": 2.213749,
        "shipper": "COTREFOR",
        "species": "LOGS TIAMA",
        "weight_tonnes": 23.87,
        "weight_rwe": 23.87
    }, {
        "quarter": 3,
        "year": 2014,
        "shipper_description": "Lorem Ipsum is simply dummy text of the printing and typesetting industry. ",
        "shipper_type": "Concession",
        "destination_country": "France",
        "lat": 46.227638,
        "lon": 2.213749,
        "shipper": "COTREFOR",
        "species": "LOGS TOLA",
        "weight_tonnes": 114.427,
        "weight_rwe": 114.427
    }, {
        "quarter": 3,
        "year": 2014,
        "shipper_description": "Lorem Ipsum is simply dummy text of the printing and typesetting industry. ",
        "shipper_type": "Concession",
        "destination_country": "France",
        "lat": 46.227638,
        "lon": 2.213749,
        "shipper": "SICOBOIS",
        "species": "BOSSE",
        "weight_tonnes": 522.411,
        "weight_rwe": 522.411
    }, {
        "quarter": 3,
        "year": 2014,
        "shipper_description": "Lorem Ipsum is simply dummy text of the printing and typesetting industry. ",
        "shipper_type": "Concession",
        "destination_country": "France",
        "lat": 46.227638,
        "lon": 2.213749,
        "shipper": "SICOBOIS",
        "species": "DIVERSES",
        "weight_tonnes": 28.773,
        "weight_rwe": 28.773
    }, {
        "quarter": 3,
        "year": 2014,
        "shipper_description": "Lorem Ipsum is simply dummy text of the printing and typesetting industry. ",
        "shipper_type": "Concession",
        "destination_country": "France",
        "lat": 46.227638,
        "lon": 2.213749,
        "shipper": "SICOBOIS",
        "species": "IROKO",
        "weight_tonnes": 95.181,
        "weight_rwe": 95.181
    }, {
        "quarter": 3,
        "year": 2014,
        "shipper_description": "Lorem Ipsum is simply dummy text of the printing and typesetting industry. ",
        "shipper_type": "Concession",
        "destination_country": "France",
        "lat": 46.227638,
        "lon": 2.213749,
        "shipper": "SICOBOIS",
        "species": "SAPELLI",
        "weight_tonnes": 485.043,
        "weight_rwe": 485.043
    }, {
        "quarter": 3,
        "year": 2014,
        "shipper_description": "Lorem Ipsum is simply dummy text of the printing and typesetting industry. ",
        "shipper_type": "Concession",
        "destination_country": "France",
        "lat": 46.227638,
        "lon": 2.213749,
        "shipper": "SICOBOIS",
        "species": "SIPO",
        "weight_tonnes": 263.642,
        "weight_rwe": 263.642
    }, {
        "quarter": 3,
        "year": 2014,
        "shipper_description": "Lorem Ipsum is simply dummy text of the printing and typesetting industry. ",
        "shipper_type": "Concession",
        "destination_country": "France",
        "lat": 46.227638,
        "lon": 2.213749,
        "shipper": "SICOBOIS",
        "species": "TIAMA",
        "weight_tonnes": 89.417,
        "weight_rwe": 89.417
    }, {
        "quarter": 3,
        "year": 2014,
        "shipper_description": "Lorem Ipsum is simply dummy text of the printing and typesetting industry. ",
        "shipper_type": "Concession",
        "destination_country": "Italy",
        "lat": 41.87194,
        "lon": 12.56738,
        "shipper": "COTREFOR",
        "species": "AFROMOSIA",
        "weight_tonnes": 13.404,
        "weight_rwe": 26.40588
    }, {
        "quarter": 3,
        "year": 2014,
        "shipper_description": "Lorem Ipsum is simply dummy text of the printing and typesetting industry. ",
        "shipper_type": "Concession",
        "destination_country": "Italy",
        "lat": 41.87194,
        "lon": 12.56738,
        "shipper": "COTREFOR",
        "species": "SCIAGE IROKO",
        "weight_tonnes": 18.765,
        "weight_rwe": 36.96705
    }, {
        "quarter": 3,
        "year": 2014,
        "shipper_description": "Lorem Ipsum is simply dummy text of the printing and typesetting industry. ",
        "shipper_type": "Concession",
        "destination_country": "Japan",
        "lat": 36.204824,
        "lon": 138.252924,
        "shipper": "FORABOLA",
        "species": "AFROMOSIA",
        "weight_tonnes": 47.587,
        "weight_rwe": 47.587
    }, {
        "quarter": 3,
        "year": 2014,
        "shipper_description": "Lorem Ipsum is simply dummy text of the printing and typesetting industry. ",
        "shipper_type": "Concession",
        "destination_country": "Lithuania",
        "lat": 55.169438,
        "lon": 23.881275,
        "shipper": "COTREFOR",
        "species": "SCIAGE IROKO",
        "weight_tonnes": 26.744,
        "weight_rwe": 52.68568
    }, {
        "quarter": 3,
        "year": 2014,
        "shipper_description": "Lorem Ipsum is simply dummy text of the printing and typesetting industry. ",
        "shipper_type": "Concession",
        "destination_country": "Malaysia",
        "lat": 4.210484,
        "lon": 101.975766,
        "shipper": "COTREFOR",
        "species": "SCIAGE IROKO",
        "weight_tonnes": 26.138,
        "weight_rwe": 51.49186
    }, {
        "quarter": 3,
        "year": 2014,
        "shipper_description": "Lorem Ipsum is simply dummy text of the printing and typesetting industry. ",
        "shipper_type": "Concession",
        "destination_country": "Morocco",
        "lat": 31.791702,
        "lon": -7.09262,
        "shipper": "COTREFOR",
        "species": "BOTTES SCIAGE TIAMA",
        "weight_tonnes": 66.985,
        "weight_rwe": 131.96045
    }, {
        "quarter": 3,
        "year": 2014,
        "shipper_description": "Lorem Ipsum is simply dummy text of the printing and typesetting industry. ",
        "shipper_type": "Concession",
        "destination_country": "Portugal",
        "lat": 39.399872,
        "lon": -8.224454,
        "shipper": "COTREFOR",
        "species": "IROKO LOGS",
        "weight_tonnes": 43.394,
        "weight_rwe": 43.394
    }, {
        "quarter": 3,
        "year": 2014,
        "shipper_description": "Lorem Ipsum is simply dummy text of the printing and typesetting industry. ",
        "shipper_type": "Concession",
        "destination_country": "Portugal",
        "lat": 39.399872,
        "lon": -8.224454,
        "shipper": "COTREFOR",
        "species": "SAPELLI LOGS",
        "weight_tonnes": 109.131,
        "weight_rwe": 109.131
    }, {
        "quarter": 3,
        "year": 2014,
        "shipper_description": "Lorem Ipsum is simply dummy text of the printing and typesetting industry. ",
        "shipper_type": "Concession",
        "destination_country": "Portugal",
        "lat": 39.399872,
        "lon": -8.224454,
        "shipper": "COTREFOR",
        "species": "TIAMA & KOSSIPO LOGS",
        "weight_tonnes": 75.504,
        "weight_rwe": 75.504
    }, {
        "quarter": 3,
        "year": 2014,
        "shipper_description": "Lorem Ipsum is simply dummy text of the printing and typesetting industry. ",
        "shipper_type": "Concession",
        "destination_country": "Republic of Congo",
        "lat": -0.228021,
        "lon": 15.827659,
        "shipper": "COTREFOR",
        "species": "AFROMOSIA",
        "weight_tonnes": 22.499,
        "weight_rwe": 22.499
    }, {
        "quarter": 3,
        "year": 2014,
        "shipper_description": "Lorem Ipsum is simply dummy text of the printing and typesetting industry. ",
        "shipper_type": "Concession",
        "destination_country": "South Korea",
        "lat": 35.907757,
        "lon": 127.766922,
        "shipper": "FORABOLA",
        "species": "AFROMOSIA",
        "weight_tonnes": 45.195,
        "weight_rwe": 45.195
    }, {
        "quarter": 3,
        "year": 2014,
        "shipper_description": "Lorem Ipsum is simply dummy text of the printing and typesetting industry. ",
        "shipper_type": "Concession",
        "destination_country": "Spain",
        "lat": 40.463667,
        "lon": -3.74922,
        "shipper": "COTREFOR",
        "species": "BOTTES SCIAGES",
        "weight_tonnes": 55.819,
        "weight_rwe": 109.96343
    }, {
        "quarter": 3,
        "year": 2014,
        "shipper_description": "Lorem Ipsum is simply dummy text of the printing and typesetting industry. ",
        "shipper_type": "Concession",
        "destination_country": "Taiwan",
        "lat": 23.69781,
        "lon": 120.960515,
        "shipper": "COTREFOR",
        "species": "LOGS KHAYA",
        "weight_tonnes": 38.79,
        "weight_rwe": 38.79
    }, {
        "quarter": 3,
        "year": 2014,
        "shipper_description": "Lorem Ipsum is simply dummy text of the printing and typesetting industry. ",
        "shipper_type": "Concession",
        "destination_country": "Taiwan",
        "lat": 23.69781,
        "lon": 120.960515,
        "shipper": "COTREFOR",
        "species": "LOGS PADOUK",
        "weight_tonnes": 222.874,
        "weight_rwe": 222.874
    }, {
        "quarter": 3,
        "year": 2014,
        "shipper_description": "Lorem Ipsum is simply dummy text of the printing and typesetting industry. ",
        "shipper_type": "Concession",
        "destination_country": "Turkey",
        "lat": 38.963745,
        "lon": 35.243322,
        "shipper": "COTREFOR",
        "species": "IROKO",
        "weight_tonnes": 63.707,
        "weight_rwe": 63.707
    }, {
        "quarter": 3,
        "year": 2014,
        "shipper_description": "Lorem Ipsum is simply dummy text of the printing and typesetting industry. ",
        "shipper_type": "Concession",
        "destination_country": "Turkey",
        "lat": 38.963745,
        "lon": 35.243322,
        "shipper": "COTREFOR",
        "species": "SCIAGE IROKO",
        "weight_tonnes": 13.069,
        "weight_rwe": 25.74593
    }, {
        "quarter": 3,
        "year": 2014,
        "shipper_description": "Lorem Ipsum is simply dummy text of the printing and typesetting industry. ",
        "shipper_type": "Concession",
        "destination_country": "United Arab Emirates",
        "lat": 23.424076,
        "lon": 53.847818,
        "shipper": "COTREFOR",
        "species": "IROKO",
        "weight_tonnes": 74.382,
        "weight_rwe": 146.53254
    }, {
        "quarter": 3,
        "year": 2014,
        "shipper_description": "Lorem Ipsum is simply dummy text of the printing and typesetting industry. ",
        "shipper_type": "Concession",
        "destination_country": "United Arab Emirates",
        "lat": 23.424076,
        "lon": 53.847818,
        "shipper": "ITB",
        "species": "WENGE",
        "weight_tonnes": 27.136,
        "weight_rwe": 27.136
    }, {
        "quarter": 3,
        "year": 2014,
        "shipper_description": "Lorem Ipsum is simply dummy text of the printing and typesetting industry. ",
        "shipper_type": "Concession",
        "destination_country": "United States",
        "lat": 37.09024,
        "lon": -95.712891,
        "shipper": "COTREFOR",
        "species": "AFROMOSIA",
        "weight_tonnes": 89.886,
        "weight_rwe": 155.3319
    }, {
        "quarter": 3,
        "year": 2014,
        "shipper_description": "Lorem Ipsum is simply dummy text of the printing and typesetting industry. ",
        "shipper_type": "Concession",
        "destination_country": "United States",
        "lat": 37.09024,
        "lon": -95.712891,
        "shipper": "COTREFOR",
        "species": "KHAYA",
        "weight_tonnes": 37.467,
        "weight_rwe": 37.467
    }]
}
